Negative,Polarity,Positive,Subjectivity,author,content,description,publishedAt,source,title,url,urlToImage
2,-0.99999950000025,0,0.04347825992438566,Emily Bary,"Square Inc., the company once known for its small payment dongles, revealed big objectives at Recode’s Code Commerce event in New York on Tuesday. “We think we can go to the biggest businesses in the world,” Chief Financial Officer Sarah Friar said at the eve… [+1783 chars]","Square Inc., the company once known for its small payment dongles, revealed big objectives at Recode’s Code Commerce event in New York on Tuesday.",2018-09-18T17:24:17Z,"{'id': None, 'name': 'Marketwatch.com'}",Key Words: Square CFO: ‘We think we can go to the biggest businesses in the world’,https://www.marketwatch.com/story/square-cfo-we-think-we-can-go-to-the-biggest-businesses-in-the-world-2018-09-18,http://s.marketwatch.com/public/resources/MWimages/MW-GQ259_Square_ZG_20180918131558.jpg
0,0.0,0,0.0,Emily Bary,"Square Inc. on Thursday said it would start extending credit to consumers making large purchases at certain merchants, part of the fintech companys continued efforts to generate revenue from sources beyond traditional payment processing. The companys new Inst… [+3039 chars]","Square Inc. on Thursday said it would start extending credit to consumers making large purchases at certain merchants, part of the fintech company’s continued efforts to generate revenue from sources beyond traditional payment processing.",2018-10-04T13:00:21Z,"{'id': None, 'name': 'Marketwatch.com'}",Square to let customers pay for big-ticket items with credit,https://www.marketwatch.com/story/square-to-let-customers-pay-for-big-ticket-items-with-credit-2018-10-04,http://s.marketwatch.com/public/resources/MWimages/MW-GR155_SQ_cre_MG_20181004065831.jpg
3,-0.9999996666667778,0,0.11111110699588492,newsfeedback@fool.com (Daniel Sparks),"What happened Shares of Square ( NYSE:SQ ) fell Thursday, declining as much as 16.1%. As of 12:16 p.m. EDT, the stock was down 8.7%. The decline follows an announcement that the financial-technology company's CFO is stepping down later this year to be CEO at … [+845 chars]",The company is losing one of its most important executives.,2018-10-11T16:50:00Z,"{'id': None, 'name': 'Fool.com'}",Why Square Inc. Stock Was Slammed Thursday,https://www.fool.com/investing/2018/10/11/why-square-inc-stock-was-slammed-thursday.aspx,https://g.foolcdn.com/image/?url=https%3A%2F%2Fg.foolcdn.com%2Feditorial%2Fimages%2F496720%2Fsquare-sq-stock.jpg&h=630&w=1200&op=resize
0,0.9999990000010001,1,0.033333332222222255,newsfeedback@fool.com (Daniel Sparks),"What happened Shares of Square ( NYSE:SQ ) jumped on Friday, rising as much as 10.6%. By market close, the stock was up 7.1%. The stock's rise comes as two analysts shared bullish commentary on the financial technology company on Friday. But a positive day fo… [+1691 chars]",These analysts think this is a good time to buy Square stock.,2018-10-12T21:27:00Z,"{'id': None, 'name': 'Fool.com'}","Why Square, Inc. Stock Popped Friday",https://www.fool.com/investing/2018/10/12/why-square-inc-stock-popped-friday.aspx,https://g.foolcdn.com/image/?url=https%3A%2F%2Fg.foolcdn.com%2Feditorial%2Fimages%2F496916%2Fwhy-square-stock.png&h=630&w=1200&op=resize
0,0.0,0,0.0,newsfeedback@fool.com (Daniel Sparks),"What happened Shares of financial technology company Square ( NYSE:SQ ) shot higher on Tuesday, rising as much as 9.9%. As of 2:13 p.m. EDT, shares were up 9.3%. The stock's gain follows the launch of the company's new payroll mobile app, which is now availab… [+1587 chars]",A new payroll app gives investors another reason to expect this financial technology company's momentum to continue.,2018-09-25T19:17:00Z,"{'id': None, 'name': 'Fool.com'}","Why Square, Inc. Stock Jumped Tuesday",https://www.fool.com/investing/2018/09/25/why-square-inc-stock-jumped-tuesday.aspx,https://g.foolcdn.com/image/?url=https%3A%2F%2Fg.foolcdn.com%2Feditorial%2Fimages%2F495363%2Fsquare-sq-stock.jpg&h=630&w=1200&op=resize
1,0.0,1,0.05882352768166096,newsfeedback@fool.com (Daniel Sparks),News of Square 's ( NYSE:SQ ) deepened investment into payroll with a mobile app for the service helped the stock surge yesterday. But another catalyst for the financial-technology company's stock was likely a massive price-target increase from Nomura Instine… [+2538 chars],Here's why one analyst believes this fintech stock has plenty of upside ahead.,2018-09-26T16:37:00Z,"{'id': None, 'name': 'Fool.com'}",Square Inc. Stock: Headed to $125?,https://www.fool.com/investing/2018/09/26/square-inc-stock-headed-to-125.aspx,https://g.foolcdn.com/image/?url=https%3A%2F%2Fg.foolcdn.com%2Feditorial%2Fimages%2F495457%2Fsquare-stock-125.jpg&h=630&w=1200&op=resize
0,0.9999996666667778,3,0.08108107888970058,newsfeedback@fool.com (John Ballard),"Square ( NYSE:SQ ) and Visa ( NYSE:V ) have delivered big gains to shareholders as digital forms of payment gradually replace cash and checks. But there's still a massive growth opportunity for these electronic payment providers, considering that consumers gl… [+6583 chars]","It comes down to whether an investor wants to pay up for faster growth, or pay less for more profitability.",2018-09-30T21:03:00Z,"{'id': None, 'name': 'Fool.com'}",Better Buy: Square Inc. vs. Visa,https://www.fool.com/investing/2018/09/30/better-buy-square-inc-vs-visa.aspx,https://g.foolcdn.com/image/?url=https%3A%2F%2Fg.foolcdn.com%2Feditorial%2Fimages%2F495371%2Fcredit-card-checkout.jpg&h=630&w=1200&op=resize
2,-0.99999950000025,0,0.03773584834460664,,"(Bloomberg) -- Salesforce.com Inc. Chief Executive Officer Marc Benioff gave fellow San Francisco corporate titan Jack Dorsey a piece of his mind on Twitter Friday. Benioff is one of the few tech leaders willing to criticize his own so openly.On Twitter, Beni… [+4701 chars]","(Bloomberg) -- Salesforce.com Inc. Chief Executive Officer Marc Benioff gave fellow San Francisco corporate titan Jack Dorsey a piece of his mind on Twitter Friday. Benioff is one of the few tech leaders willing to criticize his own so openly.On Twitter, Beni…",2018-10-12T20:26:57Z,"{'id': None, 'name': 'Yahoo.com'}",Salesforce’s Benioff Spars With Twitter’s Dorsey Over Support for Homeless,https://www.yahoo.com/news/salesforce-benioff-spars-twitter-dorsey-181701551.html,https://s.yimg.com/os/mit/media/m/social/images/social_default_logo-1481777.png
0,0.0,0,0.0,Reuters Editorial,(Reuters) - Jack Dorsey-led Square Inc said on Wednesday its financial head Sarah Friar will step down to become the chief executive officer of social networking service provider Nextdoor. The payment processor’s shares fell 8.3 percent to $71 in extended tra… [+338 chars],Jack Dorsey-led Square Inc said on Wednesday its financial head Sarah Friar will step down to become the chief executive officer of social networking service provider Nextdoor.,2018-10-10T20:48:45Z,"{'id': 'reuters', 'name': 'Reuters'}",Square CFO Sarah Friar to join Nextdoor as CEO,https://www.reuters.com/article/us-square-cfo/square-cfo-sarah-friar-to-join-nextdoor-as-ceo-idUSKCN1MK2PT,https://s4.reutersmedia.net/resources_v2/images/rcom-default.png
1,-0.9999990000010001,0,0.035714284438775556,newsfeedback@fool.com (Travis Hoium),"What happened Shares of credit card processing company Square Inc ( NYSE:SQ ) fell as much as 10.8% in trading Wednesday after its CFO announced plans to leave. There wasn't much relief throughout the day, either, with shares closing down 10.1%. So what Squar… [+1094 chars]",The drop in tech stocks hit Square especially hard today.,2018-10-10T20:54:00Z,"{'id': None, 'name': 'Fool.com'}",Why Square Inc's Shares Plunged 10.8% on Wednesday,https://www.fool.com/investing/2018/10/10/why-square-incs-shares-plunged-108-on-wednesday.aspx,https://g.foolcdn.com/image/?url=https%3A%2F%2Fg.foolcdn.com%2Feditorial%2Fimages%2F496635%2Fsquare-reader-at-bike-shop.jpg&h=630&w=1200&op=resize
1,-0.9999990000010001,0,0.0238095232426304,Peter Rudegeair,Jack Dorseys Square Inc. SQ -10.12% said Wednesday that Chief Financial Officer Sarah Friar is leaving the financial-technology company to become chief executive at neighborhood social network Nextdoor. Shares were down more than 10% in aftermarket trading fo… [+1273 chars],Jack Dorsey’s Square said Wednesday that Chief Financial Officer Sarah Friar is leaving the financial-technology company to become chief executive at neighborhood social network Nextdoor.,2018-10-10T21:57:08Z,"{'id': 'the-wall-street-journal', 'name': 'The Wall Street Journal'}",Jack Dorsey's Square Loses Its CFO,https://www.wsj.com/articles/jack-dorseys-square-loses-its-cfo-1539208626,https://images.wsj.net/im-30337/social
1,0.49999987500003124,3,0.0952380929705216,newsfeedback@fool.com (Matthew Cochrane),"Over the past year, PayPal Holdings Inc ( NASDAQ:PYPL ) and Square Inc ( NYSE:SQ ) have been two of Wall Street's hottest stocks. PayPal, mostly known for its ubiquitous digital wallet platform, has made a series of moves that have bolstered its payment proce… [+6404 chars]","These two market darlings seem to be a on a collision course, with new products and services moving each closer to direct competition against the other. So which is the better investment today?",2018-09-25T14:18:00Z,"{'id': None, 'name': 'Fool.com'}","Better Buy: PayPal Holdings, Inc. vs. Square",https://www.fool.com/investing/2018/09/25/better-buy-paypal-holdings-inc-vs-square.aspx,https://g.foolcdn.com/image/?url=https%3A%2F%2Fg.foolcdn.com%2Feditorial%2Fimages%2F495273%2Fsquare-register-image-source-square-inc.png&h=630&w=1200&op=resize
0,0.0,0,0.0,,Its Friday. You wake up to a $15 Cash App notification. A pal paid you back for that pizza you shared. Your balance now reads $172.30. You use your new money to buy a coffee with your personalized Cash Card. You even hit up the ATM after. 5PM. Direct deposit … [+283 chars],"The post Square Cash App 2.37.1 by Square, Inc. appeared first on APKMirror.",2018-10-11T22:28:15Z,"{'id': None, 'name': 'Apkmirror.com'}","Square Cash App 2.37.1 by Square, Inc.",https://www.apkmirror.com/apk/square-inc/square-cash/square-cash-2-37-1-release/square-cash-app-2-37-1-android-apk-download/,https://www.apkmirror.com/wp-content/uploads/2018/10/5bbfbe1585792-384x384.png
0,0.0,0,0.0,,Its Friday. You wake up to a $15 Cash App notification. A pal paid you back for that pizza you shared. Your balance now reads $172.30. You use your new money to buy a coffee with your personalized Cash Card. You even hit up the ATM after. 5PM. Direct deposit … [+283 chars],"The post Square Cash App 2.36.0 by Square, Inc. appeared first on APKMirror.",2018-09-27T23:49:17Z,"{'id': None, 'name': 'Apkmirror.com'}","Square Cash App 2.36.0 by Square, Inc.",https://www.apkmirror.com/apk/square-inc/square-cash/square-cash-2-36-0-release/cash-app-2-36-0-android-apk-download/,https://www.apkmirror.com/wp-content/uploads/2018/09/5bad5d84e8b22-384x384.png
5,-0.4285713673469475,2,0.1707317031528853,,"Some of the most popular tech stocks in the market have performed relatively poorly so far this week. Without major news driving the tech sector lower, some of the stocks may simply be the victim of sector rotation. Strange Trading Action So far this week, Am… [+1919 chars]","Some of the most popular tech stocks in the market have performed relatively poorly so far this week. Without major news driving the tech sector lower, some of the stocks may simply be the victim of sector ...",2018-09-19T19:50:25Z,"{'id': None, 'name': 'Yahoo.com'}",Could Sector Rotation Be The Reason For AMD's Recent Weakness?,https://finance.yahoo.com/news/could-sector-rotation-reason-amds-195025298.html,
0,0.9999990000010001,1,0.032258063475546335,newsfeedback@fool.com (Matthew Cochrane),"PayPal Holdings Inc. ( NASDAQ:PYPL ) recently launched Funds Now, a feature that allows merchants instant access to funds from sales. While most know PayPal as the digital wallet platform for 250 million consumers, it also serves 19.5 million merchants, most … [+5912 chars]",The competition's margins just became PayPal's opportunity.,2018-09-25T13:33:00Z,"{'id': None, 'name': 'Fool.com'}",Why PayPal's Latest Move Could Be a Difference Maker,https://www.fool.com/investing/2018/09/25/why-paypals-latest-move-could-be-a-difference-make.aspx,https://g.foolcdn.com/image/?url=https%3A%2F%2Fg.foolcdn.com%2Feditorial%2Fimages%2F495274%2Ffast-money-gettyimages-483874076.jpg&h=630&w=1200&op=resize
0,0.0,0,0.0,"USA TODAY, USA TODAY",,"Grab yourself a second cup because today is National Coffee Day and to celebrate, Square Inc. and the Specialty Coffee Association brewed up some coffee facts in a new study that we promise you haven't heard before.",2018-09-28T16:53:09Z,"{'id': 'usa-today', 'name': 'USA Today'}",New study brews up coffee facts you never heard before,https://www.usatoday.com/videos/money/2018/09/28/new-study-brews-up-coffee-facts-you-never-heard-before/1455721002/,https://www.gannett-cdn.com/presto/2018/09/28/USAT/70545d07-d2fd-4b0a-a47a-6bf7901b102c-Screen_Shot_2018-09-28_at_12.37.14_PM.png?width=3200&height=1800&fit=crop
1,-0.9999990000010001,0,0.026315788781163457,"Olivia Harrison, written by Olivia Harrison","""We try to stay up on trends, but this is less of a trend for us and more of a lifestyle."" Thats what Dan Evans, the co-owner of Dagger Mountain Roastery in Valparaiso, Indiana, has to say about oat milk. This past February, Dan and his wife Ashton, who co-ow… [+8737 chars]","""We try to stay up on trends, but this is less of a trend for us and more of a lifestyle."" That’s what Dan Evans, the co-owner of Dagger Mountain Roastery in Valparaiso, Indiana, has to say about oat milk. This past February, Dan and his wife Ashton, who co-o…",2018-09-28T17:30:00Z,"{'id': None, 'name': 'Refinery29.com'}","Sorry, Soy. Adios, Almond: Why Oat Milk Has Serious Staying Power",https://www.refinery29.com/en-us/2018/09/205306/oat-milk-trend-oatly,"https://s2.r29static.com//bin/entry/37e/0,0,2000,1050/x,80/2036436/image.jpg"
0,0.0,0,0.0,Michael Ashbaugh,"Editors Note: This is a free edition of The Technical Indicator, a daily MarketWatch subscriber newsletter. To get this column each market day, click here. Market cross currents have surfaced to start October against the backdrop of rising interest rates and … [+15016 chars]","Market cross currents have surfaced to start October against the backdrop of rising interest rates and energy prices, writes Michael Ashbaugh.",2018-10-09T16:49:47Z,"{'id': None, 'name': 'Marketwatch.com'}","The Technical Indicator: Cracks surface in the bull trend, S&P 500 nails major support",https://www.marketwatch.com/story/cracks-surface-in-the-bull-trend-sp-500-nails-major-support-2018-10-09-121034947,http://s.marketwatch.com/public/resources/MWimages/MW-GR460_spx100_MD_20181009124156.jpg
0,0.9999997500000625,4,0.08510638116794934,,"https://www.wsj.com/articles/facebook-to-banks-give-us-your-data-well-give-you-our-users-1533564049 Facebook has asked large U.S. banks to share detailed financial information about customers as it seeks to boost user engagement By Aug. 6, 2018 10:00 a.m. ET … [+21583 chars]","Facebook has asked large U.S. banks to share detailed financial information about customers, including card transactions and checking account balances, as it seeks to boost user engagement.",2018-09-25T19:34:13Z,"{'id': None, 'name': 'Archive.is'}","Facebook to Banks: Give Us Your Data, We’ll Give You Our Users",http://archive.is/uTZHO,https://archive.fo/uTZHO/6e15d8032e7da70f3554100fb918fa76878ed053/scr.png
2,0.0,2,0.08163265139525201,,"Amazon AMZN saw its stock price jump over 2.5% through mid-morning trading Tuesday on the back of a relatively staggering amount of positive news. This includes the expected launch of multiple new Alexa devices, Amazon’s strong showing at the Emmys, and a pos… [+4298 chars]","Amazon (AMZN) saw its stock price jump over 2.5% through mid-morning trading Tuesday on the back of a relatively staggering amount of positive news. This includes the expected launch of multiple new Alexa devices, Amazon's strong showing at the Emmys, and a p…",2018-09-18T16:36:04Z,"{'id': None, 'name': 'Yahoo.com'}",Why Did Amazon (AMZN) Stock Climb Today?,https://finance.yahoo.com/news/why-did-amazon-amzn-stock-163604989.html,https://s.yimg.com/uu/api/res/1.2/oN8OGhpJz61XnX3liYKE0A--~B/aD00MTM7dz02MjA7c209MTthcHBpZD15dGFjaHlvbg--/http://media.zenfs.com/en-US/homerun/zacks.com/4f7fa3d9e58dbe697efeffc4e50bbde7
0,0.9999996666667778,3,0.11111110699588492,Emily Hoeven,,"Some of the highest-paid women business executives in the Bay Area can be found at the same company. Cisco Systems Inc., Williams-Sonoma Inc. and Square Inc. are each represented by two women on this year’s list of the 25 highest-paid women in Bay Area busine…",2018-10-01T20:06:43Z,"{'id': None, 'name': 'Bizjournals.com'}",Meet the 25 highest-paid Bay Area women executives,https://www.bizjournals.com/sanfrancisco/news/2018/10/01/highest-paid-bay-area-women-executives.html?ana=RSS&s=article_search&utm_source=feedburner&utm_medium=feed&utm_campaign=Feed%3A+bizj_sanfrancisco+%28San+Francisco+Business+Times%29,
2,-0.99999950000025,0,0.04999999875000003,Bloomberg News,"(Bloomberg)Square Inc. is offering loans to customers to pay for goods and services from merchants that use its payments platform, another move by the company to push deeper into financial services. Merchants in 22 states will be able to offer the installment… [+2416 chars]","(Bloomberg)—Square Inc. is offering loans to customers to pay for goods and services from merchants that use its payments platform, another move by the company to push deeper into financial services. Merchants in 22 states will be able to offer the installmen…",2018-10-04T16:55:46Z,"{'id': None, 'name': 'Digitalcommerce360.com'}",Square takes aim at PayPal and Affirm,https://www.digitalcommerce360.com/2018/10/04/square-takes-aim-at-paypal-and-affirm/,https://www.digitalcommerce360.com/wp-content/uploads/2018/10/shutterstock_1152931928-1024x493.png
0,0.99999950000025,2,0.040816325697626006,Anna Irrera,"NEW YORK (Reuters) - Square Inc ( SQ.N ), the payments company founded by Twitter Inc ( TWTR.N ) Chief Executive Jack Dorsey, has launched a new service that enables customers of its small-business clients to pay for purchases in installments, the company sai… [+1844 chars]","Square Inc , the payments company founded by Twitter Inc Chief Executive Jack Dorsey, has launched a new service that enables customers of its small-business clients to pay for purchases in installments, the company said on Thursday.",2018-10-04T13:00:00Z,"{'id': 'reuters', 'name': 'Reuters'}",Square pushes into consumer lending with installment payments service,https://www.reuters.com/article/us-square-lending/square-pushes-into-consumer-lending-with-installment-payments-service-idUSKCN1ME1OJ,https://s3.reutersmedia.net/resources/r/?m=02&d=20181004&t=2&i=1311193959&w=1200&r=LYNXNPEE9313Q
0,0.99999950000025,2,0.04651162682531101,Emily Bary,"Square Inc. SQ, -1.75% shares are up 1% in premarket trading Tuesday after KeyBanc Capital Markets analyst Josh Beck raised his price target to $115 from $75. His new target is the second highest listed on FactSet. Beck raised his target following a small sur… [+456 chars]",Square Inc. shares are up 1% in premarket trading Tuesday after KeyBanc Capital Markets analyst Josh Beck raised his price target to $115 from $75. His new target is the second highest listed on FactSet. Beck raised his target following a small survey of 20 S…,2018-10-02T12:00:56Z,"{'id': None, 'name': 'Marketwatch.com'}",Square stock gains after KeyBanc hikes target to $115,https://www.marketwatch.com/story/square-stock-gains-after-keybanc-hikes-target-to-115-2018-10-02,https://mw3.wsj.net/mw5/content/logos/mw_logo_social.png
0,0.9999990000010001,1,0.020833332899305567,Emily Bary,"Shares of Square Inc. SQ, -3.63% are up 1.6% in premarket trading Thursday after Stifel analyst Scott Devitt raised his price target to $100 from $76. Devitt is upbeat about the company's goal of moving further upmarket, following Chief Financial Officer Sara… [+675 chars]","Shares of Square Inc. are up 1.6% in premarket trading Thursday after Stifel analyst Scott Devitt raised his price target to $100 from $76. Devitt is upbeat about the company's goal of moving further upmarket, following Chief Financial Officer Sarah Friar's c…",2018-09-20T12:48:27Z,"{'id': None, 'name': 'Marketwatch.com'}",Square stock rises after Stifel boosts target,https://www.marketwatch.com/story/square-stock-rises-after-stifel-boosts-target-2018-09-20,https://mw3.wsj.net/mw5/content/logos/mw_logo_social.png
0,0.0,0,0.0,Emily Bary,"Buckingham Research analyst Chris Brendler raised his price target on shares of Square Inc. SQ, -0.04% to $105 from $85 on Wednesday, following the stock's 11% rise in Tuesday's session. ""Square shares continue to defy traditional valuation paradigms, but we … [+724 chars]","Buckingham Research analyst Chris Brendler raised his price target on shares of Square Inc. to $105 from $85 on Wednesday, following the stock's 11% rise in Tuesday's session. ""Square shares continue to defy traditional valuation paradigms, but we see no reas…",2018-09-26T18:00:31Z,"{'id': None, 'name': 'Marketwatch.com'}",Square target raised to $105 at Buckingham Research,https://www.marketwatch.com/story/square-target-raised-to-105-at-buckingham-research-2018-09-26,https://mw3.wsj.net/mw5/content/logos/mw_logo_social.png
0,0.0,0,0.0,247chrislange,"Square Inc. (NYSE: SQ) shares pulled back on Thursday after the company announced that there would be big changes at the top. Specifically, the chief financial officer, Sarah Friar, is stepping down from this role in order to accept an offer to become the chi… [+1315 chars]","Square shares pulled back on Thursday after the company announced that there would be big changes at the top. Specifically, the chief financial officer is stepping down from this role.",2018-10-11T15:00:37Z,"{'id': None, 'name': '247wallst.com'}",Why Square Is Getting Crushed,http://247wallst.com/services/2018/10/11/why-square-is-getting-crushed/,https://s2.wp.com/wp-content/themes/vip/247wallst/images/247-50x50.png
0,0.0,0,0.0,Emily Bary,"Square Inc. SQ, +9.60% rolled out a new, dedicated payroll app on Tuesday, which will allow employers to approve time cards and pay employees. Over the past few quarters, merchant services such as payroll have helped contribute to the company's strong growth.… [+774 chars]","Square Inc. rolled out a new, dedicated payroll app on Tuesday, which will allow employers to approve time cards and pay employees. Over the past few quarters, merchant services such as payroll have helped contribute to the company's strong growth. Square has…",2018-09-25T17:27:47Z,"{'id': None, 'name': 'Marketwatch.com'}","Square stock extends gains after company rolls out new payroll app; ADP, Paychex stocks fall",https://www.marketwatch.com/story/square-stock-extends-gains-after-company-rolls-out-new-payroll-app-adp-paychex-stocks-fall-2018-09-25,https://mw3.wsj.net/mw5/content/logos/mw_logo_social.png
0,0.9999996666667778,3,0.07317072992266513,Emily Bary,"Shares of Square Inc. SQ, +0.87% are up 2.3% in premarket trading Tuesday after Instinet analyst Dan Dolev raised his price target on the stock to $125 from $86. The $125 target is the highest listed on FactSet. Square shares closed Monday at $86.04. ""Similar… [+737 chars]","Shares of Square Inc. are up 2.3% in premarket trading Tuesday after Instinet analyst Dan Dolev raised his price target on the stock to $125 from $86. The $125 target is the highest listed on FactSet. Square shares closed Monday at $86.04. ""Similar to FANG st…",2018-09-25T12:31:53Z,"{'id': None, 'name': 'Marketwatch.com'}","Square stock gains after Instinet boosts target to $125, compares it to the FANGs",https://www.marketwatch.com/story/square-stock-gains-after-instinet-boosts-target-to-125-compares-it-to-the-fangs-2018-09-25,https://mw3.wsj.net/mw5/content/logos/mw_logo_social.png
1,-0.9999990000010001,0,0.020408162848813003,Joseph Woelfel,"Here are five things you must know for Thursday, Oct. 11: 1. -- U.S. Selloff Continues, Global Shares Sink U.S. stock futures were down sharply on Thursday, Oct. 11, and global stocks fell dramatically after the Dow Jones Industrial Average plummeted 831 poin… [+5281 chars]","TheStreet.com Stock Market Selloff, Tech Rout, Apple and Elon Musk - 5 Things You Must Know TheStreet.com Investors rotated out of tech and growth stocks and into utilities on Wednesday as government bond yields continued their march higher. Tech stocks, such…",2018-10-11T09:30:15Z,"{'id': None, 'name': 'Thestreet.com'}","Stock Market Selloff, Tech Rout, Apple and Elon Musk - 5 Things You Must Know - TheStreet.com",https://www.thestreet.com/markets/5-things-you-must-know-before-the-market-opens-thursday-14739826,http://s.thestreet.com/files/tsc/v2008/photos/contrib/uploads/fdc6af91-7baf-11e8-9292-f1aeb9df0beb.jpg
1,-0.9999990000010001,0,0.027777777006172864,Emily Bary,"Shares of Square Inc. are soaring Tuesday after an analyst said that the company is doing for the payments sector what Facebook Inc., Amazon.com Inc., Netflix Inc., and Alphabet Inc. did for the technology industry. Similar to FANG stocks that have disrupted … [+2352 chars]","Shares of Square Inc. are soaring Tuesday after an analyst said that the company is doing for the payments sector what Facebook Inc., Amazon.com Inc., Netflix Inc., and Alphabet Inc. did for the technology industry.",2018-09-25T19:17:17Z,"{'id': None, 'name': 'Marketwatch.com'}",The Ratings Game: Square stock heads for best day in 19 months after company is likened to the FANGs,https://www.marketwatch.com/story/square-stock-heads-for-best-day-in-19-months-after-company-is-likened-to-the-fangs-2018-09-25,http://s.marketwatch.com/public/resources/MWimages/MW-GI528_Square_ZG_20180503144214.jpg
6,-0.9999998333333611,0,0.1499999962500001,Bloomberg,Twitters tough quarter was set off by a disappointing earnings report. (Bloomberg pic) NEW YORK: Twitter Inc. just seized a title no company wants: the worst performer in the S&amp;P 500 Index. Shares of the social-media giant dropped about 35% in third-quart… [+1114 chars],"Shares of the social-media giant dropped about 35% in third-quarter trading, which ended Friday - worse than every other company in the index.",2018-09-29T03:47:15Z,"{'id': None, 'name': 'Freemalaysiatoday.com'}",Twitter on pace to be biggest loser in S&P 500 for third quarter,https://www.freemalaysiatoday.com/category/business/2018/09/29/twitter-on-pace-to-be-biggest-loser-in-sp-500-for-third-quarter/,https://s3media.freemalaysiatoday.com/wp-content/uploads/2018/09/twitter-snp-290918.jpg
0,0.0,0,0.0,https://www.dailymail.co.uk/home/search.html?s=&authornamef=Reuters,Oct 10 (Reuters) - Jack Dorsey-led Square Inc said on Wednesday its financial head Sarah Friar will step down to become the chief executive officer of social networking service provider Nextdoor. The payment processor's shares fell 8.3 percent to $71 in exten… [+410 chars],Oct 10 (Reuters) - Jack Dorsey-led Square Inc said on  Wednesday its financial head Sarah Friar will step down to  become the chief executive officer of...,2018-10-10T20:47:53Z,"{'id': 'daily-mail', 'name': 'Daily Mail'}",Square CFO Sarah Friar to join Nextdoor as CEO,https://www.dailymail.co.uk/wires/reuters/article-6262601/Square-CFO-Sarah-Friar-join-Nextdoor-CEO.html,https://i.dailymail.co.uk/i/pix/m_logo_636x382px.png
0,0.9999990000010001,1,0.028571427755102068,https://www.dailymail.co.uk/home/search.html?s=&authornamef=Reuters,"By Anna Irrera NEW YORK, Oct 4 (Reuters) - Square Inc, the payments company founded by Twitter Inc Chief Executive Jack Dorsey, has launched a new service that enables customers of its small-business clients to pay for purchases in installments, the company s… [+1910 chars]","By Anna IrreraNEW YORK, Oct 4 (Reuters) - Square Inc, the payments  company founded by Twitter Inc Chief Executive Jack  Dorsey, has launched a new service...",2018-10-04T13:01:52Z,"{'id': 'daily-mail', 'name': 'Daily Mail'}",Square pushes into consumer lending with installment...,https://www.dailymail.co.uk/wires/reuters/article-6239937/Square-pushes-consumer-lending-installment-payments-service.html,https://i.dailymail.co.uk/i/pix/m_logo_636x382px.png
1,-0.9999990000010001,0,0.019230768860946754,Tomi Kilgore,"Shares of Square Inc. SQ, -13.57% plunged 15% in morning trade Thursday, putting them on track for the biggest selloff this year, in the wake of the fintech company's announcement that Chief Financial Officer Sarah Friar was leaving. Raymond James analyst Joh… [+955 chars]","Shares of Square Inc. plunged 15% in morning trade Thursday, putting them on track for the biggest selloff this year, in the wake of the fintech company's announcement that Chief Financial Officer Sarah Friar was leaving. Raymond James analyst John Davis said…",2018-10-11T15:18:36Z,"{'id': None, 'name': 'Marketwatch.com'}",Square's stock tumbles toward biggest drop this year after 'rockstar' CFO departure,https://www.marketwatch.com/story/squares-stock-tumbles-toward-biggest-drop-this-year-after-cfo-departure-2018-10-11,https://mw3.wsj.net/mw5/content/logos/mw_logo_social.png
2,-0.33333322222225925,1,0.05999999880000003,Jon C. Ogg,"Stocks were taking a breather on Tuesday, but that is after the Canada trade deal sent the Dow Jones industrials up about 190 points and the S&amp;P 500 up over 10 points. While the U.S. indexes are effectively at all-time highs, many investors have seen lowe… [+3264 chars]","The top analyst upgrades, downgrades and initiations seen on Tuesday included Boston Scientific, Etsy, General Electric, Morgan Stanley, SeaWorld, Skechers, Shopify, Square and Tesla.",2018-10-02T12:55:25Z,"{'id': None, 'name': '247wallst.com'}","Top Analyst Upgrades and Downgrades: Boston Scientific, Etsy, General Electric, Morgan Stanley, SeaWorld, Skechers, Shopify, Square, Tesla and More",http://247wallst.com/investing/2018/10/02/top-analyst-upgrades-and-downgrades-boston-scientific-etsy-general-electric-morgan-stanley-seaworld-skechers-shopify-square-tesla-and-more/,https://s2.wp.com/wp-content/themes/vip/247wallst/images/247-50x50.png
0,0.0,0,0.0,Editorial Team,"Square, Inc. (NYSE: SQ) today announced the launch of Square Installments, providing sellers with access to a powerful tool for growing sales that has traditionally only been available to larger businesses. This new payment method gives their customers the fr… [+3186 chars]","Square, Inc. (NYSE: SQ) today announced the launch of Square Installments, providing sellers with access to a powerful tool for growing sales that has traditionally only been available to larger businesses.",2018-10-04T16:22:53Z,"{'id': None, 'name': 'Finextra.com'}",Square introduces installments payment service,https://www.finextra.com/pressarticle/75745/square-introduces-installments-payment-service?utm_medium=rss&utm_source=finextrafeed,https://www.finextra.com/finextra-images/site/toplogo/finextralogo.png
3,-0.9999996666667778,0,0.08333333101851859,Jeremy C. Owens,"Square Inc. SQ, -10.12% Chief Financial Officer Sarah Friar is leaving the payments firm to become chief executive at social-networking site Nextdoor, which hit Square shares in late trading Wednesday. Friar is one of the most important executives at Square, … [+732 chars]",Square CFO Sarah Friar to leave company; stock down 5% in late trading,2018-10-10T20:14:36Z,"{'id': None, 'name': 'Marketwatch.com'}",Square CFO Sarah Friar to leave company; stock down 5% in late trading,https://www.marketwatch.com/story/square-stock-falls-as-cfo-plans-to-leave-for-nextdoor-ceo-post-2018-10-10,https://mw3.wsj.net/mw5/content/logos/mw_logo_social.png
1,0.599999880000024,4,0.15151514692378343,Mark Kolakowski,"Digital payments are rapidly displacing payments by cash or check by consumers, but the really big opportunity, with as much as $1 trillion in annual revenue at stake, may be in business-to-business (B2B) payments, according to a report from Goldman Sachs cit… [+3924 chars]","Booming digital payments may yield a $1 trillion revenue opportunity for facilitators, GS estimates.",2018-09-19T10:00:00Z,"{'id': None, 'name': 'Investopedia.com'}",8 Stocks to Lead the Digital Payments Boom,https://www.investopedia.com/news/8-stocks-lead-digital-payments-boom/,https://i.investopedia.com/image/jpeg/1537331371625/digital_currency_shutterstock_373544026.jpg
1,-0.9999990000010001,0,0.031249999023437534,Daniel Liberto,"SurveyMonkey has lifted the price of its initial public offering (IPO) to $12 per share. In a press release, the provider of free, customizable surveys and paid back-end programs, including data analysis, sample selection, bias elimination, and data represent… [+2754 chars]",The U.S. online survey specialist previously planned to list its shares at between $9 and $11.,2018-09-26T09:59:00Z,"{'id': None, 'name': 'Investopedia.com'}",SurveyMonkey Prices IPO Above Range at $12,https://www.investopedia.com/news/surveymonkey-prices-ipo-above-range-12/,https://i.investopedia.com/image/png/1537955760545/goldie_sabaeus_rgb.png
4,-0.599999880000024,1,0.1388888850308643,Trey Thoelcke,"The bull market is more than nine years old, and Wall Street seems to be increasingly divided by those who expect that to continue well into the future and others warning of impending calamity. The technology sector is seen as leading market momentum, and whi… [+2839 chars]","Wall Street expects double-digit percentage growth, on both the top and bottom lines, for these six top tech companies, even though that represents a slowdown for some of them.",2018-10-03T12:25:57Z,"{'id': None, 'name': '247wallst.com'}",6 Top Tech Companies Expected to Thrive in the Coming Years,http://247wallst.com/technology-3/2018/10/03/6-top-tech-companies-expected-to-thrive-in-the-coming-years/,https://s2.wp.com/wp-content/themes/vip/247wallst/images/247-50x50.png
0,0.9999990000010001,1,0.027777777006172864,J.B. Maverick,"Alternative payment systems such as Bitcoin and payment processors such as Square Inc. (NYSE: SQ ) and Apple Pay, have made financial technology, referred to in shorthand form as fintech, a booming industry of the 21st century. Atlanta is one of the top areas… [+3630 chars]","Learn about some of the primary financial technology firms that have chosen Atlanta, Georgia, as their corporate headquarters.",2018-10-11T20:16:00Z,"{'id': None, 'name': 'Investopedia.com'}","5 Fintech Firms Emerging in Atlanta (SQ, NCR)",https://www.investopedia.com/articles/markets-economy/081516/5-fintech-firms-emerging-atlanta-sq-ncr.asp,https://i.investopedia.com/inv/genericcontentimages/subchannel/personal-finance/budgeting-savings/bank_176952073.jpg
0,0.0,0,0.0,Matthew Johnston,"Financial technology stock Square Inc. ( SQ ), led by legendary founder Jack Dorsey, has long been a darling of investors but has recently fallen out of favor. Having risen more than 600% in just five years, the stock has recently tumbled nearly 13% from a re… [+3319 chars]",Shares of fintech company Square have recently tumbled after years of big gains.,2018-10-10T10:00:00Z,"{'id': None, 'name': 'Investopedia.com'}",Why Square’s Biggest Bear Sees a 65% Stock Decline,https://www.investopedia.com/news/why-squares-biggest-bear-sees-65-stock-decline/,https://i.investopedia.com/image/jpeg/1539140947369/square.jpg
0,0.9999998333333611,6,0.15789473268698073,Julio Gil-Pulgar,"The value of the mobile payment market was USD $601 billion in 2016, and it will reach $4,574 billion by 2023. These are the conclusions of an Allied Market Research survey. Incidentally, major companies in this market have enabled or are planning to enable B… [+3256 chars]","The value of the mobile payment market was USD $601 billion in 2016, and it will reach $4,574 billion by 2023. These are the conclusions of an Allied Market Research survey. Incidentally, major companies in this market have enabled — or are planning to enable…",2018-09-29T04:00:35Z,"{'id': None, 'name': 'Bitcoinist.com'}","Mobile Payment Market May Hit $4,574 Billion by 2023",https://bitcoinist.com/mobile-payment-market-may-hit-4574-billion-by-2023/,https://bitcoinist.com/wp-content/uploads/2018/09/shutterstock_160559990-e1538193388119.jpg
1,0.0,1,0.060606058769513374,Lucas Downey,"A gain of approximately 163% in 2018 for shares of Square, Inc. ( SQ ) likely would not have been possible without strong institutional demand for the stock. In fact, Square is a regular household name for Mapsignals, and I even suggested the stock as a buy o… [+3724 chars]",Solid revenue growth and multiple accumulation signals suggest that Square stock could represent a long-term buying opportunity.,2018-09-26T13:12:00Z,"{'id': None, 'name': 'Investopedia.com'}",Square Stock Is Still Alerting Bullish Trading Activity,https://www.investopedia.com/news/square-stock-still-alerting-bullish-trading-activity/,https://i.investopedia.com/image/jpeg/1537965950902/square.jpg
0,0.0,0,0.0,Rakesh Sharma,"EVENTBRITE, INC. (EB) recent IPO has put it firmly on the radar of investors looking for growth stocks. The company, whose price popped by 59% on the first day of trading, was started in 2006 and is based in San Francisco. It markets events and sells tickets … [+4102 chars]",Eventbrite's recent IPO resulted in a 60% pop in its stock price. How does the San Francisco-based company make money?,2018-09-25T18:11:00Z,"{'id': None, 'name': 'Investopedia.com'}",How Does Eventbrite Make Money?,https://www.investopedia.com/investing/how-does-eventbrite-make-money/,https://i.investopedia.com/image/png/1537909315704/logowordmarkorange.png
1,-0.9999990000010001,0,0.03999999840000006,Reuters Editorial,Oct 11 (Reuters) - The following are the top stories in the Wall Street Journal. Reuters has not verified these stories and does not vouch for their accuracy. - Alphabet Inc's unit this week said it is reining in the data it makes available to outside develop… [+1368 chars],The following are the top stories in the Wall Street Journal. Reuters has not verified these stories and does not vouch for their accuracy.,2018-10-11T04:05:59Z,"{'id': 'reuters', 'name': 'Reuters'}",PRESS DIGEST- Wall Street Journal - Oct 11,https://www.reuters.com/article/press-digest-wsj/press-digest-wall-street-journal-oct-11-idUSL4N1WR1V7,https://s4.reutersmedia.net/resources_v2/images/rcom-default.png
0,0.99999950000025,2,0.04255319058397467,,"NEW YORK: Square Inc, the payments company founded by Twitter Inc Chief Executive Jack Dorsey, has launched a new service that enables customers of its small-business clients to pay for purchases in installments, the company said on Thursday. Through Square I… [+1861 chars]","Square Inc, the payments company founded by Twitter Inc Chief Executive Jack Dorsey, has launched a new service that enables customers of its small-business clients to pay for purchases in installments, the company said on Thursday.",2018-10-04T14:01:20Z,"{'id': None, 'name': 'Channelnewsasia.com'}",Square pushes into consumer lending with installment payments service,https://www.channelnewsasia.com/news/technology/square-pushes-into-consumer-lending-with-installment-payments-service-10792858,http://www.channelnewsasia.com/image/10792856/16x9/991/557/da9898cb07a499f4187b6ee562981612/hk/file-photo--an-advertisement-for-the-square-payment-processor-is-seen-outside-a-vendors-site-along-the-high-line-in-new-york-4.jpg
0,0.0,0,0.0,,"INDUSTRY Pay for GE’S new CEO could top $21m a year General Electric’s new CEO could earn more than $21 million a year, as well as tens of millions more in company shares if he can significantly increase the struggling Boston company’s stock price. GE filed d… [+7915 chars]",Ten stories you may have missed Thursday from the world of business.,2018-10-05T00:41:11Z,"{'id': None, 'name': 'Bostonglobe.com'}",Pay for GE’S new CEO could top $21m a year,https://www.bostonglobe.com/business/talking-points/2018/10/04/pay-for-new-ceo-could-top-year/5PnKcg3sdLxqMwx4tcfvNM/story.html,https://www.bostonglobe.com/rf/image_585w/Boston/2011-2020/2018/10/05/BostonGlobe.com/Business/Images/328aaa3590fa46b6b8fc45083db834c9-328aaa3590fa46b6b8fc45083db834c9-0.jpg
1,0.0,1,0.048780486615110086,The Associated Press,"Stocks that moved substantially or traded heavily Thursday: Square Inc., down $8.42 to $69.03 The mobile payments services company said Chief Financial Officer Sarah Friar will leave to become CEO of the social media app Nextdoor. L Brands Inc., up $1.69 to $… [+935 chars]","Get breaking national and world news, broadcast video coverage, and exclusive interviews. Find the top news online at ABC news.",2018-10-11T20:27:35Z,"{'id': 'abc-news', 'name': 'ABC News'}",CVS and Bank of America fall while Delta Air Lines climbs,https://abcnews.go.com/Business/wireStory/cvs-bank-america-fall-delta-air-lines-climbs-58443991,
1,-0.9999990000010001,0,0.033333332222222255,Emily Bary,"Coffee drinkers in the Northeast are fairly stingy with their barista tips, at least compared with those in the rest of the country. Up until a few years ago, those who wished to tip at a coffee shop would drop a buck or some spare change in a cup on the coun… [+2136 chars]","Coffee drinkers in the Northeast are fairly stingy with their barista tips, at least compared with those in the rest of the country.",2018-10-06T16:50:18Z,"{'id': None, 'name': 'Marketwatch.com'}","In One Chart: Here’s how generous we are with our coffee-shop tips, in one chart",https://www.marketwatch.com/story/heres-how-generous-we-are-with-our-coffee-shop-tips-in-one-chart-2018-10-06,http://s.marketwatch.com/public/resources/MWimages/MW-GR326_coffee_ZG_20181005182555.jpg
0,0.0,0,0.0,https://www.dailymail.co.uk/home/search.html?s=&authornamef=Associated+Press,"NEW YORK (AP) - Stocks that moved substantially or traded heavily Thursday: Square Inc., down $8.42 to $69.03 The mobile payments services company said Chief Financial Officer Sarah Friar will leave to become CEO of the social media app Nextdoor. L Brands Inc… [+1014 chars]","NEW YORK (AP) - Stocks that moved substantially or traded heavily Thursday:Square Inc., down $8.42 to $69.03The mobile payments services company said Chief...",2018-10-11T20:35:21Z,"{'id': 'daily-mail', 'name': 'Daily Mail'}",CVS and Bank of America fall while Delta Air Lines climbs,https://www.dailymail.co.uk/wires/ap/article-6266867/CVS-Bank-America-fall-Delta-Air-Lines-climbs.html,https://i.dailymail.co.uk/i/pix/m_logo_636x382px.png
0,0.9999996666667778,3,0.11111110699588492,Emily Hoeven,,"Some of the highest-paid women business executives in the Bay Area can be found at the same company. Cisco Systems Inc., Williams-Sonoma Inc. and Square Inc. are each represented by two women on this year’s list of the 25 highest-paid women in Bay Area busine…",2018-10-01T20:06:43Z,"{'id': None, 'name': 'Bizjournals.com'}",Meet the 25 highest-paid Bay Area women executives,https://www.bizjournals.com/sanfrancisco/news/2018/10/01/highest-paid-bay-area-women-executives.html?ana=RSS&s=article_search&utm_source=feedburner&utm_medium=feed&utm_campaign=Feed%3A+bizj_national+%28Bizjournals+National+Feed%29,
0,0.99999950000025,2,0.06249999804687507,Elizabeth Gurdus,"div &gt; div.group &gt; p:first-child""&gt; Nutanix Inc. : ""Enterprise cloud is under pressure right now. My favorite in this group is Salesforce. I feel best about that because we were just with them last week. I see all these stocks coming down. It's not nec… [+2042 chars]","Jim Cramer rattles off his take on callers' favorite stocks, including a cloud play that's been experiencing some stormy weather.",2018-10-02T22:47:00Z,"{'id': 'cnbc', 'name': 'CNBC'}",Cramer's lightning round: Now is not the time to buy cloud stocks—wait for a dip,https://www.cnbc.com/2018/10/02/cramers-lightning-round-now-is-not-the-time-to-buy-cloud-stocks.html,https://fm.cnbc.com/applications/cnbc.com/resources/img/editorial/2016/03/30/103507383-Lightning-Round.1910x1000.jpg
0,0.0,0,0.0,newsfeeds@nzherald.co.nz,"NEW YORK (AP) Stocks that moved substantially or traded heavily Thursday: Square Inc., down $8.42 to $69.03 The mobile payments services company said Chief Financial Officer Sarah Friar will leave to become CEO of the social media app Nextdoor. L Brands Inc.,… [+949 chars]","NEW YORK (AP) — Stocks that moved substantially or traded heavily Thursday:Square Inc., down $8.42 to $69.03The mobile payments services company said Chief Financial Officer Sarah Friar will leave to become CEO of the social media...",2018-10-11T20:52:20Z,"{'id': None, 'name': 'Nzherald.co.nz'}",CVS and Bank of America fall while Delta Air Lines climbs,https://www.nzherald.co.nz/business/news/article.cfm?c_id=3&objectid=12141288,/pb/resources/assets/img/fallback-promo-image.png?token=false
5,-0.99999980000004,0,0.12820512491781733,Lily Katz | Bloomberg,"Twitter Inc. just seized a title no company wants: the worst performer in the S&amp;P 500 Index. Shares of the social-media giant dropped about 35 percent in third-quarter trading, which ended Friday -- worse than every other company in the index. Twitter’s t… [+1163 chars]",The worst quarterly performers in the S&P 500 after Twitter are IPG Photonics Corp,2018-09-29T14:13:00Z,"{'id': None, 'name': 'Business-standard.com'}",Twitter is on pace to be biggest loser in S&P 500 for third quarter,https://www.business-standard.com/article/international/twitter-is-on-pace-to-be-biggest-loser-in-s-p-500-for-third-quarter-118092900564_1.html,https://bsmedia.business-standard.com/_media/bs/img/article/2018-07/05/full/1530805979-5854.jpg
0,0.0,0,0.0,,"NEW YORK (AP) — Stocks that moved substantially or traded heavily Thursday: Square Inc., down $8.42 to $69.03 The mobile payments services company said Chief Financial Officer Sarah Friar will leave to become CEO of the social media app Nextdoor. L Brands Inc… [+951 chars]","NEW YORK (AP) — Stocks that moved substantially or traded heavily Thursday: Square Inc., down $8.42 to $69.03 The mobile payments services company said Chief Financial Officer Sarah Friar will leave to become CEO of the social media app Nextdoor. L Brands Inc…",2018-10-11T20:35:25Z,"{'id': None, 'name': 'Seattlepi.com'}",CVS and Bank of America fall while Delta Air Lines climbs,https://www.seattlepi.com/business/article/CVS-and-Bank-of-America-fall-while-Delta-Air-13300355.php,https://www.seattlepi.com/img/pages/article/opengraph_default.png
0,0.99999950000025,2,0.03999999920000002,,"SAN FRANCISCO, Sept. 20, 2018 /PRNewswire/ -- Third Arm Marketing today announced that it is one of the first companies to join the new Square Solutions Partner Program. The program connects Square-approved resellers, systems integrators, and mobile and web a… [+2909 chars]","SAN FRANCISCO, Sept. 20, 2018 /PRNewswire/ -- Third Arm Marketing today announced that it is one of the first companies to join the new Square Solutions Partner Program. The program connects Square-approved resellers, systems integrators, and mobile and web a…",2018-09-20T16:30:00Z,"{'id': None, 'name': 'Prnewswire.comthird-arm-marketing-becomes-introductory-member-of-squares-new-solutions-partner-program-300715998'}",Third Arm Marketing Becomes Introductory Member of Square's New Solutions Partner Program,https://www.prnewswire.comthird-arm-marketing-becomes-introductory-member-of-squares-new-solutions-partner-program-300715998,/content/dam/prnewswire/common/prn_facebook_sharing_logo.jpg
0,0.99999950000025,2,0.03773584834460664,,"PORTLAND, Ore., Sept. 20, 2018 /PRNewswire/ -- Orchestra Software today announced that it is one of the first companies to join the new Square Solutions Partner Program. The program connects Square-approved resellers, systems integrators, and mobile and web a… [+2817 chars]","PORTLAND, Ore., Sept. 20, 2018 /PRNewswire/ -- Orchestra Software today announced that it is one of the first companies to join the new Square Solutions Partner Program. The program connects Square-approved resellers, systems integrators, and mobile and web a…",2018-09-20T18:15:00Z,"{'id': None, 'name': 'Prnewswire.com'}",Orchestra Software Becomes Introductory Member of Square's New Solutions Partner Program,https://www.prnewswire.com/news-releases/orchestra-software-becomes-introductory-member-of-squares-new-solutions-partner-program-300716345.html,https://mma.prnewswire.com/media/747607/OrchestraSoftwareLogo_02_Logo.jpg?p=facebook
2,-0.99999950000025,0,0.04999999875000003,Bloomberg,"Square Inc. is offering loans to customers to pay for goods and services from merchants that use its payment platform, another move by the company to push deeper into financial services. Merchants in 22 states, including California, will be able to offer the … [+2245 chars]","Square is offering loans to customers to pay for goods and services from merchants that use its payments platform, a move by the firm to push deeper into financial services. Merchants in 22 states, including California, will be able to offer the installment p…",2018-10-04T22:55:00Z,"{'id': None, 'name': 'Latimes.com'}",Jack Dorsey's Square will start lending for customer purchases,http://www.latimes.com/business/la-fi-tn-square-lending-20181004-story.html,https://www.latimes.com/resizer/5Qo0uziOEQFJzlNeC1p8NPt-sRc=/1200x0/arc-anglerfish-arc2-prod-tronc.s3.amazonaws.com/public/RBDWTSPT6NG6JMFN3MFQLJJMP4.jpg
0,0.99999950000025,2,0.041666665798611134,,"NEW YORK, September 28, 2018 /PRNewswire/ -- Data compiled by Allied Market Research has indicated that the mobile payment market was valued at USD 601 Billion in 2016 and is expected to hit USD 4,574 Billon by 2023. Mobile payments provide customers an easy … [+16864 chars]","NEW YORK, September 28, 2018 /PRNewswire/ -- Data compiled by Allied Market Research has indicated that the mobile payment market was valued at USD 601 Billion in 2016 and is expected to hit USD 4,574 Billon by 2023. Mobile payments provide customers an easy …",2018-09-28T13:00:00Z,"{'id': None, 'name': 'Prnewswire.com'}",The Mobile Payment Market is Set to Grow as Smartphone Penetration Increases,https://www.prnewswire.com/news-releases/the-mobile-payment-market-is-set-to-grow-as-smartphone-penetration-increases-818059918.html,/content/dam/prnewswire/common/prn_facebook_sharing_logo.jpg
0,0.99999980000004,5,0.10416666449652782,Sam Bourgi,"Cryptocurrencies’ long road to recovery took a positive step this week, as bitcoin’s newfound stability resonated with the broader market. BTC clocked highs north of $7,100 on Wednesday, having recovered roughly $1,200 from its recent low. The leading digital… [+4628 chars]",The Money Makers Club now has 6 of 15 available seats. Learn more here! XRP was the standout performer in the cryptocurrency world this week. The so-called banker’s cryptocurrency rebounded more than 115% after a Ripple Labs executive teased an upcoming produ…,2018-09-21T16:12:00Z,"{'id': None, 'name': 'Hacked.com'}",Week in Review: XRP’s 115% Power Surge Leads Cryptocurrency Market Higher,https://hacked.com/week-in-review-xrps-115-power-surge-leads-cryptocurrency-market-higher/,https://hacked.com/wp-content/uploads/2018/09/xrp-1-1000x600.jpg
0,0.99999950000025,2,0.04347825992438566,NetworkNewsWire,"NEW YORK, October 4, 2018 /PRNewswire/ -- NetworkNewsWire Editorial Coverage The growing popularity of cryptocurrencies has led to a surge in payment systems built on the blockchain technological revolution. Blockchain-based payments, which can be transacted … [+15653 chars]","NEW YORK, October 4, 2018 /PRNewswire/ -- NetworkNewsWire Editorial Coverage The growing popularity of cryptocurrencies has led to a surge in payment systems built on the blockchain technological revolution. Blockchain-based payments, which can be transacted …",2018-10-04T12:30:00Z,"{'id': None, 'name': 'Prnewswire.com'}",Growth of Blockchain Provides Financial Services for Underserved Markets,https://www.prnewswire.com/news-releases/growth-of-blockchain-provides-financial-services-for-underserved-markets-815882166.html,/content/dam/prnewswire/common/prn_facebook_sharing_logo.jpg
1,-0.9999990000010001,0,0.027777777006172864,Emily Bary,"You may not think the number of words in an email subject line says anything about you, but at least one company is betting that the metric can help determine your likelihood of paying back a loan. LenddoEFL, based in Singapore, is one of a handful of startup… [+9869 chars]","Alternative credit scores — using data, in part, from customers’ smartphones — will be migrating from emerging economies to the U.S.",2018-10-09T13:37:22Z,"{'id': None, 'name': 'Marketwatch.com'}",Best New Ideas in Money: AI-based credit scores will soon give one billion people access to banking services,https://www.marketwatch.com/story/ai-based-credit-scores-will-soon-give-one-billion-people-access-to-banking-services-2018-10-09,http://s.marketwatch.com/public/resources/MWimages/MW-GR306_bniim__ZG_20181005134622.jpg
0,0.9999990000010001,1,0.027777777006172864,J.B. Maverick,"Alternative payment systems such as Bitcoin and payment processors such as Square Inc. (NYSE: SQ ) and Apple Pay, have made financial technology, referred to in shorthand form as fintech, a booming industry of the 21st century. Atlanta is one of the top areas… [+3630 chars]","Learn about some of the primary financial technology firms that have chosen Atlanta, Georgia, as their corporate headquarters.",2018-10-11T20:16:00Z,"{'id': None, 'name': 'Investopedia.com'}","5 Fintech Firms Emerging in Atlanta (SQ, NCR)",https://www.investopedia.com/articles/markets-economy/081516/5-fintech-firms-emerging-atlanta-sq-ncr.asp,https://i.investopedia.com/inv/genericcontentimages/subchannel/personal-finance/budgeting-savings/bank_176952073.jpg
0,0.99999950000025,2,0.05882352768166096,Lucas Fortney,"With Apple Pay Cash, Google Pay, Facebook Messenger, and Snapcash, tech industry leaders have made it easier than ever to exchange money online by integrating money transfer services with personal devices, and social media. For a time, it looked as though sma… [+10062 chars]","The Paypal owned P2P payment facilitator, Venmo, is turning to plastic. Why?",2018-10-12T13:00:00Z,"{'id': None, 'name': 'Investopedia.com'}",How the Venmo Debit Card May Save PayPal,https://www.investopedia.com/investing/how-venmo-debit-card-may-save-paypal/,https://i.investopedia.com/image/jpeg/1539281139317/venmodebitcard.jpg
1,-0.9999990000010001,0,0.02173912996219283,Michael Ashbaugh,"Editor’s Note: This is a free edition of The Technical Indicator, a daily MarketWatch subscriber newsletter. To get this column each market day, click here. Technically speaking, the U.S. benchmarks have established a bullish September holding pattern, treadi… [+13260 chars]","Technically speaking, the Dow Jones Industrial Average is rattling the cage on a breakout, while the comparably softer Nasdaq Composite has narrowly maintained key trendline support, writes Michael Ashbaugh.",2018-09-18T16:47:29Z,"{'id': None, 'name': 'Marketwatch.com'}",The Technical Indicator: Charting a bull-flag breakout attempt: Dow industrials challenge seven-month highs,https://www.marketwatch.com/story/charting-a-bull-flag-breakout-attempt-dow-industrials-challenge-seven-month-highs-2018-09-18-121034729,http://s.marketwatch.com/public/resources/MWimages/MW-GQ253_djia09_MD_20180918122709.jpg
0,0.9999990000010001,1,0.025641024983563465,"By Anna Irrera, Reuters","Square Inc., the payments company founded by Twitter Inc. Chief Executive Jack Dorsey, a St. Louis native, has launched a new service that enables customers of its small-business clients to pay for purchases in installments, the company said on Thursday. Thro… [+1813 chars]","The new service is provided by Square Capital, the company's lending division which has been mainly extending credit to merchants.",2018-10-04T22:55:00Z,"{'id': None, 'name': 'Stltoday.com'}",Square pushes into consumer lending with installment payments service,https://www.stltoday.com/business/local/square-pushes-into-consumer-lending-with-installment-payments-service/article_1ee8ce26-62d1-5a9c-9990-da01193700e5.html,https://bloximages.newyork1.vip.townnews.com/stltoday.com/content/tncms/assets/v3/editorial/a/7c/a7c3733f-2a66-56d6-805e-29ee311b7bdf/5aecc21945cc3.image.jpg?crop=1662%2C935%2C0%2C155&resize=1120%2C630&order=crop%2Cresize
0,0.0,0,0.0,Star Tribune Staff,"NEW YORK Stocks that moved substantially or traded heavily Thursday: Square Inc., down $8.42 to $69.03 The mobile payments services company said Chief Financial Officer Sarah Friar will leave to become CEO of the social media app Nextdoor. L Brands Inc., up $… [+944 chars]",Stocks that moved substantially or traded heavily Thursday:,2018-10-11T15:30:00Z,"{'id': None, 'name': 'Startribune.com'}",CVS and Bank of America fall while Delta Air Lines climbs,http://www.startribune.com/cvs-and-bank-of-america-fall-while-delta-air-lines-climbs/497025111/,http://assets.startribune.com/static/img/branding/logos/strib-social-card.png?d=1539201181
2,-0.99999950000025,0,0.060606058769513374,Aleksandra Sagan - The Canadian Press,"By Aleksandra Sagan The Canadian Press Were you prompted for a tip, maybe as much as 30 per cent, when paying with debit for your counter-service coffee? Consumers who pay with plastic are increasingly finding themselves in a quandary as digital payment devic… [+3841 chars]",A moment of panic can rise when a digital payment system prompts you to add a gratuity to your bill.,2018-09-25T11:00:00Z,"{'id': None, 'name': 'Thestar.com'}","If the coffee’s to go, do you include a tip?",https://www.thestar.com/life/2018/09/25/if-the-coffees-to-go-do-you-include-a-tip.html,https://images.thestar.com/1CX4x0U0JiE7Qd9-OH3o-OuPvQA=/1200x800/smart/filters:cb(1537875612427)/https://www.thestar.com/content/dam/thestar/life/2018/09/25/if-the-coffees-to-go-do-you-include-a-tip/_1_main_coffee_debit.jpg
0,0.0,0,0.0,Michael Ashbaugh,"Editors Note: This is a free edition of The Technical Indicator, a daily MarketWatch subscriber newsletter. To get this column each market day, click here. Though the bigger-picture backdrop is not one-size-fits-all, the major U.S. benchmarks are acting well … [+14429 chars]","The U.S. benchmarks are setting up well for a strong year-end with the third quarter set to conclude this week, writes Michael Ashbaugh.",2018-09-25T16:38:24Z,"{'id': None, 'name': 'Marketwatch.com'}","The Technical Indicator: Bull trend pauses: S&P 500 holds the breakout point (2,916) ahead of the Fed",https://www.marketwatch.com/story/bull-trend-pauses-sp-500-holds-the-breakout-point-2916-ahead-of-the-fed-2018-09-25-121033824,http://s.marketwatch.com/public/resources/MWimages/MW-GQ638_spx092_MD_20180925122100.jpg
2,0.199999960000008,3,0.09999999800000005,,"Square, Inc. (NYSE: SQ) announced today that Sarah Friar has informed the company of her intention to step down as Chief Financial Officer of Square in order to accept an offer to become Chief Executive Officer of Nextdoor. David Viniar, Squares Lead Independ… [+1850 chars]","Square, Inc. (NYSE: SQ) announced today that Sarah Friar has informed the company of her intention to step down as Chief Financial Officer of Square in order to accept an offer to become Chief Executive Officer of Nextdoor. read more",2018-10-10T20:06:37Z,"{'id': None, 'name': 'Sys-con.com'}",Sarah Friar to Step Down as Square CFO,http://businesswire.sys-con.com/node/4329856,
0,0.0,0,0.0,Matthew Sholtz,"Welcome to the roundup of the best new Android applications that went live in the Play Store or were spotted by us in the previous week or so. This week we have a new dating app that is centered around dog owners, a simple app for adding an adaptive brightnes… [+8026 chars]","Welcome to the roundup of the best new Android applications that went live in the Play Store or were spotted by us in the previous week or so. This week we have a new dating app that is centered around dog owners, a simple app for adding an adaptive brightnes…",2018-10-13T14:24:18Z,"{'id': None, 'name': 'Androidpolice.com'}","15 new and notable Android apps from the last week including Dig, Adaptive Brightness Tile, and DIY projects (10/6/18 - 10/13/18)",https://www.androidpolice.com/2018/10/13/15-new-notable-android-apps-last-week-including-dig-adaptive-brightness-tile-diy-projects-10-6-18-10-13-18/,https://www.androidpolice.com/wp-content/uploads/2017/02/nexus2cee_apps-01.png
0,0.99999950000025,2,0.040816325697626006,Anna Irrera,"NEW YORK (Reuters) - Square Inc ( SQ.N ), the payments company founded by Twitter Inc ( TWTR.N ) Chief Executive Jack Dorsey, has launched a new service that enables customers of its small-business clients to pay for purchases in installments, the company sai… [+1844 chars]","Square Inc , the payments company founded by Twitter Inc Chief Executive Jack Dorsey, has launched a new service that enables customers of its small-business clients to pay for purchases in installments, the company said on Thursday.",2018-10-04T13:13:14Z,"{'id': 'reuters', 'name': 'Reuters'}",Square pushes into consumer lending with installment payments service,https://ca.reuters.com/article/technologyNews/idCAKCN1ME1OJ-OCATC,https://s2.reutersmedia.net/resources/r/?m=02&d=20181004&t=2&i=1311194038&w=1200&r=LYNXNPEE9313Q-OCATC
0,0.99999950000025,2,0.040816325697626006,Anna Irrera,"NEW YORK (Reuters) - Square Inc ( SQ.N ), the payments company founded by Twitter Inc ( TWTR.N ) Chief Executive Jack Dorsey, has launched a new service that enables customers of its small-business clients to pay for purchases in installments, the company sai… [+1844 chars]","Square Inc , the payments company founded by Twitter Inc Chief Executive Jack Dorsey, has launched a new service that enables customers of its small-business clients to pay for purchases in installments, the company said on Thursday.",2018-10-04T13:00:00Z,"{'id': 'reuters', 'name': 'Reuters'}",Square pushes into consumer lending with installment payments service,https://uk.reuters.com/article/us-square-lending/square-pushes-into-consumer-lending-with-installment-payments-service-idUKKCN1ME1OJ,https://s3.reutersmedia.net/resources/r/?m=02&d=20181004&t=2&i=1311193959&w=1200&r=LYNXNPEE9313Q
2,0.199999960000008,3,0.09999999800000005,,"Square, Inc. (NYSE: SQ) announced today that Sarah Friar has informed the company of her intention to step down as Chief Financial Officer of Square in order to accept an offer to become Chief Executive Officer of Nextdoor. David Viniar, Squares Lead Independ… [+1850 chars]","Square, Inc. (NYSE: SQ) announced today that Sarah Friar has informed the company of her intention to step down as Chief Financial Officer of Square in order to accept an offer to become Chief Executive Officer of Nextdoor. read more",2018-10-10T20:06:37Z,"{'id': None, 'name': 'Sys-con.com'}",Sarah Friar to Step Down as Square CFO,http://news.sys-con.com/node/4329856,
0,0.0,0,0.0,MarketsandMarkets,"CHICAGO, October 3, 2018 /PRNewswire/ -- According to the new market research report "" Cloud POS Market by Component, Organization Size, Application Area (Retail and Consumer Goods, Travel and Hospitality, Transportation and Logistics, Media and Entertainment… [+5929 chars]","CHICAGO, October 3, 2018 /PRNewswire/ -- According to the new market research report ""Cloud POS Market by Component, Organization Size, Application Area (Retail and Consumer Goods, Travel and Hospitality, Transportation and Logistics, Media and Entertainment,…",2018-10-03T13:30:00Z,"{'id': None, 'name': 'Prnewswire.com'}",Cloud POS Market Worth $3.73 Billion by 2023,https://www.prnewswire.com/news-releases/cloud-pos-market-worth-3-73-billion-by-2023-897864694.html,https://mma.prnewswire.com/media/660509/MarketsandMarkets_Logo.jpg?p=facebook
0,0.99999950000025,2,0.0392156855055748,,"Nextdoor, the worlds leading private social network for neighborhoods, today announced Sarah Friar will become the companys next CEO in December. Friar will join Nextdoor from Square, Inc. (NYSE:SQ) where she has served as Chief Financial Officer since 2012. … [+3422 chars]","Nextdoor, the world’s leading private social network for neighborhoods, today announced Sarah Friar will become the company’s next CEO in December. Friar will join Nextdoor from Square, Inc. (NYSE:SQ) where she has served as Chief Financial Officer since 2012…",2018-10-10T20:20:07Z,"{'id': None, 'name': 'Sys-con.com'}",Nextdoor Names Square’s Sarah Friar Next CEO,http://businesswire.sys-con.com/node/4329865,
0,0.0,0,0.0,,"Square, Inc. (NYSE: SQ) will release financial results for the third quarter of 2018 on November 7, 2018, after market close. Square will also host a conference call and earnings webcast at 2:00 p.m. Pacific Time / 5:00 p.m. Eastern Time on the same day to di… [+1153 chars]","Square, Inc. (NYSE: SQ) will release financial results for the third quarter of 2018 on November 7, 2018, after market close. Square will also host a conference call and earnings webcast at 2:00 p.m. Pacific Time / 5:00 p.m. Eastern Time on the same day to di…",2018-10-10T13:02:57Z,"{'id': None, 'name': 'Sys-con.com'}",Square to Announce Third Quarter 2018 Results,http://businesswire.sys-con.com/node/4329493,
0,0.9999990000010001,1,0.034482757431629055,,,"Square, Inc. (NYSE: SQ) today announced the Square Solutions Partner Program to better connect sellers of all sizes with best in class partners that can build solutions specific to a business’s needs. Square small business owners who are just getting started,…",2018-09-20T16:30:04Z,"{'id': None, 'name': 'Sys-con.com'}",Square Announces Solutions Partner Program,http://businesswire.sys-con.com/node/4320456,
0,0.99999950000025,2,0.0392156855055748,,"Nextdoor, the worlds leading private social network for neighborhoods, today announced Sarah Friar will become the companys next CEO in December. Friar will join Nextdoor from Square, Inc. (NYSE:SQ) where she has served as Chief Financial Officer since 2012. … [+3422 chars]","Nextdoor, the world’s leading private social network for neighborhoods, today announced Sarah Friar will become the company’s next CEO in December. Friar will join Nextdoor from Square, Inc. (NYSE:SQ) where she has served as Chief Financial Officer since 2012…",2018-10-10T20:20:07Z,"{'id': None, 'name': 'Sys-con.com'}",Nextdoor Names Square’s Sarah Friar Next CEO,http://news.sys-con.com/node/4329865,
0,0.0,0,0.0,,"Square, Inc. (NYSE: SQ) will release financial results for the third quarter of 2018 on November 7, 2018, after market close. Square will also host a conference call and earnings webcast at 2:00 p.m. Pacific Time / 5:00 p.m. Eastern Time on the same day to di… [+1153 chars]","Square, Inc. (NYSE: SQ) will release financial results for the third quarter of 2018 on November 7, 2018, after market close. Square will also host a conference call and earnings webcast at 2:00 p.m. Pacific Time / 5:00 p.m. Eastern Time on the same day to di…",2018-10-10T13:02:57Z,"{'id': None, 'name': 'Sys-con.com'}",Square to Announce Third Quarter 2018 Results,http://news.sys-con.com/node/4329493,
0,0.9999990000010001,1,0.034482757431629055,,,"Square, Inc. (NYSE: SQ) today announced the Square Solutions Partner Program to better connect sellers of all sizes with best in class partners that can build solutions specific to a business’s needs. Square small business owners who are just getting started,…",2018-09-20T16:30:04Z,"{'id': None, 'name': 'Sys-con.com'}",Square Announces Solutions Partner Program,http://news.sys-con.com/node/4320456,
0,0.99999950000025,2,0.07999999680000013,,,"Square, Inc. (NYSE: SQ) and the Specialty Coffee Association released a Coffee Data Report today, in honor of National Coffee Day, on September 29 and International Coffee Day on October 1. Coffee shop menus across the country confirm that caffeine-obsessed (…",2018-09-27T10:00:37Z,"{'id': None, 'name': 'Sys-con.com'}",Square and the Specialty Coffee Association Release Coffee Data Report in Honor of National Coffee Day,http://businesswire.sys-con.com/node/4323441,
0,0.0,0,0.0,,"Square, Inc. (NYSE: SQ) today announced the launch of Square Installments, providing sellers with access to a powerful tool for growing sales that has traditionally only been available to larger businesses. This new payment method gives their customers the fr… [+4829 chars]","Square, Inc. (NYSE: SQ) today announced the launch of Square Installments, providing sellers with access to a powerful tool for growing sales that has traditionally only been available to larger businesses. This new payment method gives their customers the fr…",2018-10-04T13:00:51Z,"{'id': None, 'name': 'Sys-con.com'}",Square Installments Levels the Playing Field for Businesses of Any Size by Giving Flexible Payment Options to Their Customers,http://businesswire.sys-con.com/node/4326971,
0,0.99999950000025,2,0.07999999680000013,,,"Square, Inc. (NYSE: SQ) and the Specialty Coffee Association released a Coffee Data Report today, in honor of National Coffee Day, on September 29 and International Coffee Day on October 1. Coffee shop menus across the country confirm that caffeine-obsessed (…",2018-09-27T10:00:37Z,"{'id': None, 'name': 'Sys-con.com'}",Square and the Specialty Coffee Association Release Coffee Data Report in Honor of National Coffee Day,http://news.sys-con.com/node/4323441,
0,0.0,0,0.0,,"Square, Inc. (NYSE: SQ) today announced the launch of Square Installments, providing sellers with access to a powerful tool for growing sales that has traditionally only been available to larger businesses. This new payment method gives their customers the fr… [+4829 chars]","Square, Inc. (NYSE: SQ) today announced the launch of Square Installments, providing sellers with access to a powerful tool for growing sales that has traditionally only been available to larger businesses. This new payment method gives their customers the fr…",2018-10-04T13:00:51Z,"{'id': None, 'name': 'Sys-con.com'}",Square Installments Levels the Playing Field for Businesses of Any Size by Giving Flexible Payment Options to Their Customers,http://news.sys-con.com/node/4326971,
0,0.0,0,0.0,Ryan Vlastelica,"U.S. stock-index futures ticked slightly higher Wednesday, suggesting equity benchmarks would open near all-time highs, though trading could be muted as investors focus on highly anticipated commentary from the Federal Reserve set to roll out in the afternoon… [+4161 chars]","U.S. stock-index futures tick slightly higher Wednesday, suggesting index would open close to record levels, though trading could be quiet as investors look ahead to highly anticipated commentary from the Federal Reserve that will be released in the afternoon.",2018-09-26T11:06:36Z,"{'id': None, 'name': 'Marketwatch.com'}",Stock futures trade modestly higher as investors await Fed decision,https://www.marketwatch.com/story/stock-futures-trade-modestly-higher-as-investors-await-fed-decision-2018-09-26,http://s.marketwatch.com/public/resources/MWimages/MW-GQ666_snapsh_ZG_20180926064825.jpg
5,-0.4285713673469475,2,0.14583333029513895,Barbara Kollmeyer,"Should I stay or should I run like crazy? Investors no doubt have plenty of questions after Wall Streets Wednesday meltdown, which wiped more than 800 points off the Dow DJIA, -3.15% making for the worst day since February for it and the S&amp;P SPX, -3.29% T… [+7266 chars]","Critical information for the U.S. trading dayIt could be a long day after Wednesday’s rout, so investors should buckle up. Our call of the day says there’s a good reason why investors won’t get panicked by this selloff. Bring it.",2018-10-11T11:09:05Z,"{'id': None, 'name': 'Marketwatch.com'}",Need to Know: A market panic won’t and should not scare off U.S. investors: Josh Brown,https://www.marketwatch.com/story/a-market-panic-wont-and-should-not-scare-off-us-investors-josh-brown-2018-10-11,http://s.marketwatch.com/public/resources/MWimages/MW-GR560_fans_2_ZG_20181011054319.jpg
0,0.9999990000010001,1,0.034482757431629055,,"NEW YORK, September 28, 2018 /PRNewswire/ -- Data compiled by Allied Market Research has indicated that the mobile payment market was valued at USD 601 Billion in 2016 and is expected to hit USD 4,574 Billon by 2023. Mobile payments provide customers an easy … [+17000 chars]","NEW YORK, September 28, 2018 /PRNewswire/ -- read more",2018-09-28T13:00:24Z,"{'id': None, 'name': 'Sys-con.com'}",The Mobile Payment Market is Set to Grow as Smartphone Penetration Increases,http://news.sys-con.com/node/4324256,
1,-0.9999990000010001,0,0.023255813412655504,Michael Ashbaugh,"Editors Note: This is a free edition of The Technical Indicator, a daily MarketWatch subscriber newsletter. To get this column each market day, click here. Though the bigger-picture backdrop is not one-size-fits-all, the big three U.S. benchmarks are off to a… [+13840 chars]","Though the bigger-picture backdrop is not one-size-fits-all, the big three U.S. benchmarks are off to a bullish fourth-quarter start, writes Michael Ashbaugh.",2018-10-02T16:34:03Z,"{'id': None, 'name': 'Marketwatch.com'}","Charting a bullish Q4 start, S&P 500 rises to challenge record close",https://www.marketwatch.com/story/charting-a-bullish-q4-start-sp-500-rises-to-challenge-record-close-2018-10-02-12103343,http://s.marketwatch.com/public/resources/MWimages/MW-GR049_spx100_MD_20181002122237.jpg
0,0.0,0,0.0,,"CHICAGO, October 3, 2018 /PRNewswire/ -- According to the new market research report "" Cloud POS Market by Component, Organization Size, Application Area (Retail and Consumer Goods, Travel and Hospitality, Transportation and Logistics, Media and Entertainment… [+6050 chars]","CHICAGO, October 3, 2018 /PRNewswire/ -- read more",2018-10-03T13:30:30Z,"{'id': None, 'name': 'Sys-con.com'}",Cloud POS Market Worth $3.73 Billion by 2023,http://news.sys-con.com/node/4326326,
0,0.0,0,0.0,,"CHICAGO, October 3, 2018 /PRNewswire/ -- According to the new market research report "" Cloud POS Market by Component, Organization Size, Application Area (Retail and Consumer Goods, Travel and Hospitality, Transportation and Logistics, Media and Entertainment… [+6075 chars]","CHICAGO, October 3, 2018 /PRNewswire/ -- read more",2018-10-03T13:30:59Z,"{'id': None, 'name': 'Sys-con.com'}",Cloud POS Market Worth $3.73 Billion by 2023,http://news.sys-con.com/node/4326328,
0,0.9999990000010001,1,0.035714284438775556,,"NEW YORK, October 4, 2018 /PRNewswire/ -- NetworkNewsWire Editorial Coverage The growing popularity of cryptocurrencies has led to a surge in payment systems built on the blockchain technological revolution. Blockchain-based payments, which can be transacted … [+15750 chars]","NEW YORK, October 4, 2018 /PRNewswire/ -- read more",2018-10-04T12:31:34Z,"{'id': None, 'name': 'Sys-con.com'}",Growth of Blockchain Provides Financial Services for Underserved Markets,http://news.sys-con.com/node/4326890,
0,0.9999990000010001,1,0.035714284438775556,,"NEW YORK, October 4, 2018 /PRNewswire/ -- NetworkNewsWire Editorial Coverage The growing popularity of cryptocurrencies has led to a surge in payment systems built on the blockchain technological revolution. Blockchain-based payments, which can be transacted … [+15773 chars]","NEW YORK, October 4, 2018 /PRNewswire/ -- read more",2018-10-04T12:30:43Z,"{'id': None, 'name': 'Sys-con.com'}",Growth of Blockchain Provides Financial Services for Underserved Markets,http://news.sys-con.com/node/4326883,
1,-0.9999990000010001,0,0.020833332899305567,http://www.facebook.com/fox2now,"ROGERS, AR - MAY 30: Sarah Friar, Walmart board member and Chief Financial Officer of Square, Inc. listens at the Walmart annual formal business and shareholders meeting on May 30, 2018 in Rogers, Arkansas. Walmart shareholders from around the world can atten… [+1460 chars]","Investors are squarely concerned about the departure of Square's chief financial officer.

The financial tech company's stock has tumbled nearly 15% following the announcement on Wednesday that CFO Sarah Friar is leaving to become the CEO of Nextdoor.

Squa…",2018-10-11T16:39:59Z,"{'id': None, 'name': 'Fox2now.com'}",Square plummets 15% after CFO leaves,https://fox2now.com/2018/10/11/square-plummets-15-after-cfo-leaves/,https://localtvktvi.files.wordpress.com/2018/10/gettyimages-963728914.jpg?quality=85&strip=all
